file_name,name
39379.jpg,jisoo
31683.jpg,jisoo
60243.jpg,rose
1009.jpg,kimminju
21923.jpg,lisa
29986.jpg,jisoo
54069.jpg,rose
77926.jpg,lisa
15903.jpg,rose
75849.jpg,lisa
1558.jpg,kimminju
85366.jpg,jisoo
15926.jpg,rose
71228.jpg,lisa
55625.jpg,rose
84987.jpg,jisoo
61362.jpg,rose
32149.jpg,jisoo
59520.jpg,rose
56220.jpg,rose
1161.jpg,kimminju
2257.jpg,joyuri
35456.jpg,jisoo
29942.jpg,jisoo
50887.jpg,jennie
73241.jpg,lisa
1010.jpg,kimminju
72289.jpg,lisa
41174.jpg,jisoo
84522.jpg,jisoo
33593.jpg,jisoo
1088.jpg,kimminju
2121.jpg,joyuri
33350.jpg,jisoo
70285.jpg,lisa
2224.jpg,joyuri
35443.jpg,jisoo
59234.jpg,rose
16297.jpg,rose
73678.jpg,lisa
74973.jpg,lisa
8074.jpg,jisoo
48906.jpg,jisoo
79855.jpg,lisa
81853.jpg,lisa
1000.jpg,kimminju
36416.jpg,jisoo
16129.jpg,rose
56753.jpg,rose
1664.jpg,kimminju
16188.jpg,rose
2263.jpg,joyuri
58529.jpg,rose
18999.jpg,rose
63402.jpg,rose
41402.jpg,jisoo
74999.jpg,jennie
1573.jpg,kimminju
951.jpg,kimminju
80323.jpg,lisa
39389.jpg,jisoo
1966.jpg,joyuri
56892.jpg,rose
52943.jpg,jennie
9757.jpg,jisoo
85308.jpg,jisoo
67587.jpg,lisa
42877.jpg,jennie
58537.jpg,rose
55430.jpg,rose
35266.jpg,jennie
38340.jpg,jisoo
7718.jpg,jisoo
56648.jpg,rose
1339.jpg,kimminju
33836.jpg,jisoo
67070.jpg,lisa
1077.jpg,kimminju
1908.jpg,joyuri
66314.jpg,rose
58020.jpg,rose
55930.jpg,rose
30973.jpg,jisoo
48967.jpg,jennie
32150.jpg,jisoo
2013.jpg,joyuri
56612.jpg,rose
78596.jpg,lisa
39554.jpg,jisoo
50514.jpg,kimminju
38711.jpg,jisoo
22381.jpg,lisa
39569.jpg,jisoo
85454.jpg,jisoo
33767.jpg,jisoo
7738.jpg,jisoo
24092.jpg,lisa
70242.jpg,lisa
76408.jpg,lisa
66026.jpg,jisoo
81197.jpg,lisa
1803.jpg,joyuri
84541.jpg,jisoo
77720.jpg,lisa
57726.jpg,rose
73716.jpg,lisa
66037.jpg,jennie
9730.jpg,jisoo
50858.jpg,jennie
56346.jpg,rose
45177.jpg,jisoo
60925.jpg,rose
56633.jpg,rose
57692.jpg,rose
64260.jpg,rose
1911.jpg,joyuri
85288.jpg,jisoo
85286.jpg,jisoo
80180.jpg,lisa
38253.jpg,jisoo
73403.jpg,lisa
56910.jpg,rose
41168.jpg,jisoo
57274.jpg,rose
1849.jpg,joyuri
32151.jpg,jisoo
1101.jpg,kimminju
74797.jpg,lisa
60647.jpg,rose
30007.jpg,jisoo
45277.jpg,jennie
53334.jpg,jennie
50869.jpg,jennie
10323.jpg,jisoo
78393.jpg,lisa
56526.jpg,rose
56200.jpg,rose
1905.jpg,joyuri
76664.jpg,lisa
48185.jpg,jennie
29595.jpg,jisoo
76283.jpg,lisa
34333.jpg,jisoo
50293.jpg,jennie
12640.jpg,jennie
85405.jpg,jisoo
76226.jpg,lisa
44409.jpg,jisoo
55721.jpg,rose
77897.jpg,jennie
72484.jpg,rose
56509.jpg,rose
39548.jpg,jisoo
33271.jpg,jisoo
55092.jpg,rose
81245.jpg,jisoo
58821.jpg,rose
53649.jpg,jisoo
76557.jpg,lisa
81301.jpg,lisa
82038.jpg,lisa
40546.jpg,jisoo
79132.jpg,lisa
58002.jpg,rose
21815.jpg,lisa
58831.jpg,rose
85037.jpg,jisoo
38191.jpg,jisoo
34389.jpg,jisoo
9875.jpg,jisoo
68033.jpg,lisa
62667.jpg,rose
21762.jpg,lisa
79063.jpg,lisa
44399.jpg,jisoo
33641.jpg,jisoo
34765.jpg,jisoo
80962.jpg,lisa
1769.jpg,joyuri
1852.jpg,joyuri
1119.jpg,kimminju
76367.jpg,lisa
35751.jpg,jisoo
56266.jpg,rose
70253.jpg,lisa
32058.jpg,jisoo
58567.jpg,rose
68852.jpg,lisa
56494.jpg,rose
85474.jpg,jisoo
1296.jpg,kimminju
34402.jpg,jisoo
7688.jpg,jisoo
67734.jpg,lisa
85349.jpg,jisoo
79206.jpg,lisa
15884.jpg,rose
16292.jpg,rose
50195.jpg,jennie
52691.jpg,jennie
2017.jpg,joyuri
73750.jpg,jennie
1919.jpg,joyuri
21619.jpg,lisa
38069.jpg,jisoo
68848.jpg,lisa
32670.jpg,jisoo
12858.jpg,jennie
56578.jpg,rose
50835.jpg,jennie
56804.jpg,rose
33737.jpg,jisoo
64544.jpg,rose
77629.jpg,lisa
38735.jpg,jisoo
61140.jpg,jennie
58187.jpg,rose
61828.jpg,rose
1308.jpg,kimminju
55655.jpg,rose
81522.jpg,lisa
1103.jpg,kimminju
1179.jpg,kimminju
76697.jpg,jennie
2053.jpg,joyuri
81022.jpg,lisa
13031.jpg,jennie
35247.jpg,jisoo
33138.jpg,jisoo
73510.jpg,lisa
72898.jpg,lisa
61251.jpg,rose
56819.jpg,rose
50923.jpg,jennie
31538.jpg,jisoo
41676.jpg,jennie
63017.jpg,rose
16295.jpg,rose
1341.jpg,kimminju
37579.jpg,jisoo
59859.jpg,rose
85241.jpg,jisoo
60356.jpg,rose
76504.jpg,lisa
2254.jpg,joyuri
39563.jpg,jisoo
56719.jpg,rose
66832.jpg,jisoo
33001.jpg,jisoo
40839.jpg,jisoo
1969.jpg,joyuri
73402.jpg,lisa
33024.jpg,jisoo
35225.jpg,jisoo
80527.jpg,lisa
56631.jpg,rose
21653.jpg,lisa
61133.jpg,jennie
66865.jpg,lisa
84954.jpg,jisoo
50373.jpg,jennie
928.jpg,kimminju
16357.jpg,jennie
2249.jpg,kimminju
36837.jpg,jisoo
84906.jpg,jisoo
77908.jpg,lisa
81305.jpg,lisa
39562.jpg,jisoo
67579.jpg,lisa
71231.jpg,lisa
76829.jpg,lisa
79838.jpg,lisa
74482.jpg,lisa
1598.jpg,kimminju
60641.jpg,rose
75389.jpg,lisa
56593.jpg,rose
67752.jpg,lisa
61339.jpg,rose
29435.jpg,jisoo
63554.jpg,rose
63342.jpg,rose
1695.jpg,joyuri
33684.jpg,jisoo
33025.jpg,jisoo
8276.jpg,jisoo
56290.jpg,rose
57994.jpg,rose
2141.jpg,kimminju
33669.jpg,jisoo
24134.jpg,lisa
1819.jpg,joyuri
1915.jpg,joyuri
35976.jpg,jisoo
60214.jpg,rose
76466.jpg,lisa
34331.jpg,jisoo
73493.jpg,lisa
77622.jpg,lisa
11616.jpg,jisoo
40609.jpg,jisoo
40196.jpg,jisoo
58292.jpg,rose
68646.jpg,lisa
2262.jpg,joyuri
85428.jpg,jisoo
54560.jpg,rose
17870.jpg,rose
33708.jpg,jisoo
9754.jpg,jisoo
84868.jpg,jisoo
57686.jpg,rose
80244.jpg,jennie
56505.jpg,rose
2134.jpg,joyuri
38352.jpg,jisoo
42387.jpg,jennie
55173.jpg,rose
80159.jpg,lisa
35730.jpg,jisoo
61658.jpg,jennie
62075.jpg,jennie
2206.jpg,joyuri
56367.jpg,rose
50067.jpg,jennie
76360.jpg,lisa
29996.jpg,jisoo
56554.jpg,rose
70416.jpg,lisa
1295.jpg,kimminju
55840.jpg,rose
38710.jpg,jisoo
35445.jpg,jisoo
58325.jpg,rose
73039.jpg,lisa
58318.jpg,rose
41306.jpg,rose
73687.jpg,lisa
54075.jpg,rose
70823.jpg,lisa
58939.jpg,rose
79504.jpg,lisa
80171.jpg,lisa
22397.jpg,lisa
41171.jpg,jisoo
13611.jpg,jennie
78580.jpg,lisa
57101.jpg,rose
13587.jpg,jennie
77838.jpg,lisa
2083.jpg,joyuri
84908.jpg,jisoo
64698.jpg,rose
67181.jpg,lisa
55647.jpg,rose
40408.jpg,jisoo
15882.jpg,rose
78507.jpg,jisoo
57440.jpg,rose
7951.jpg,jisoo
29645.jpg,jisoo
31378.jpg,jisoo
57723.jpg,rose
60467.jpg,jisoo
76340.jpg,lisa
36830.jpg,jisoo
79188.jpg,lisa
12711.jpg,jennie
81631.jpg,lisa
15885.jpg,rose
12815.jpg,jennie
76460.jpg,lisa
58530.jpg,rose
76550.jpg,rose
35962.jpg,jisoo
11812.jpg,jennie
55620.jpg,rose
50865.jpg,jennie
54869.jpg,rose
67296.jpg,lisa
24489.jpg,lisa
72675.jpg,rose
1999.jpg,joyuri
56896.jpg,kimminju
69138.jpg,lisa
81475.jpg,lisa
8429.jpg,jennie
80140.jpg,lisa
67743.jpg,lisa
55519.jpg,rose
77631.jpg,lisa
76369.jpg,lisa
1559.jpg,kimminju
79014.jpg,lisa
56239.jpg,rose
60198.jpg,rose
42058.jpg,jennie
9077.jpg,jennie
57848.jpg,rose
998.jpg,kimminju
9772.jpg,jisoo
73692.jpg,lisa
36412.jpg,jisoo
1554.jpg,kimminju
85289.jpg,jisoo
1982.jpg,joyuri
1995.jpg,joyuri
54385.jpg,rose
24035.jpg,lisa
7091.jpg,jisoo
11783.jpg,jennie
64537.jpg,rose
18468.jpg,rose
33659.jpg,jisoo
85347.jpg,jisoo
56247.jpg,rose
33381.jpg,jisoo
73574.jpg,lisa
56504.jpg,rose
57082.jpg,rose
56674.jpg,rose
84861.jpg,jisoo
70814.jpg,lisa
56502.jpg,rose
77279.jpg,lisa
63020.jpg,rose
35450.jpg,jisoo
68817.jpg,lisa
33116.jpg,jisoo
81374.jpg,lisa
76361.jpg,lisa
56101.jpg,rose
1138.jpg,kimminju
34710.jpg,jisoo
1691.jpg,kimminju
73575.jpg,lisa
75157.jpg,lisa
72904.jpg,lisa
39244.jpg,jisoo
1213.jpg,kimminju
55191.jpg,rose
76277.jpg,kimminju
73836.jpg,lisa
56724.jpg,rose
55675.jpg,rose
69266.jpg,lisa
58259.jpg,rose
80491.jpg,lisa
58681.jpg,rose
29585.jpg,jisoo
2108.jpg,joyuri
37226.jpg,jisoo
34703.jpg,jisoo
56342.jpg,rose
55710.jpg,rose
82365.jpg,jisoo
24103.jpg,lisa
85430.jpg,jisoo
33791.jpg,jisoo
54800.jpg,jisoo
19095.jpg,jisoo
1893.jpg,joyuri
33373.jpg,jisoo
16146.jpg,rose
69030.jpg,lisa
77836.jpg,lisa
50747.jpg,jennie
9332.jpg,kimminju
78497.jpg,lisa
80128.jpg,lisa
54396.jpg,rose
2190.jpg,joyuri
76503.jpg,jennie
74716.jpg,lisa
65692.jpg,jisoo
15164.jpg,rose
7680.jpg,jisoo
84981.jpg,jisoo
56490.jpg,rose
7929.jpg,jisoo
8054.jpg,kimminju
70829.jpg,lisa
38509.jpg,jisoo
80224.jpg,lisa
1684.jpg,kimminju
56632.jpg,rose
35297.jpg,jisoo
29577.jpg,jisoo
1653.jpg,kimminju
81624.jpg,lisa
85285.jpg,jisoo
76204.jpg,lisa
7930.jpg,jisoo
56891.jpg,rose
82235.jpg,lisa
16812.jpg,rose
38855.jpg,jisoo
63473.jpg,rose
7734.jpg,jisoo
79013.jpg,lisa
58006.jpg,rose
62892.jpg,rose
81188.jpg,lisa
72793.jpg,lisa
9705.jpg,jisoo
84517.jpg,jisoo
78597.jpg,lisa
888.jpg,kimminju
40502.jpg,rose
85256.jpg,jisoo
63321.jpg,rose
50302.jpg,jisoo
46666.jpg,rose
1774.jpg,joyuri
71011.jpg,jennie
61608.jpg,rose
38248.jpg,jisoo
76973.jpg,lisa
61551.jpg,rose
74119.jpg,lisa
38556.jpg,jisoo
58797.jpg,rose
81493.jpg,lisa
85422.jpg,jisoo
76615.jpg,lisa
64552.jpg,rose
52015.jpg,jisoo
61136.jpg,rose
1888.jpg,joyuri
17740.jpg,rose
58827.jpg,rose
74822.jpg,lisa
58295.jpg,rose
74921.jpg,lisa
75130.jpg,jennie
66044.jpg,rose
81859.jpg,lisa
81603.jpg,lisa
52562.jpg,jennie
72563.jpg,lisa
1436.jpg,kimminju
56234.jpg,rose
19927.jpg,rose
63828.jpg,rose
68019.jpg,lisa
78330.jpg,lisa
19097.jpg,rose
52216.jpg,jisoo
69605.jpg,lisa
55349.jpg,rose
68857.jpg,lisa
77923.jpg,lisa
61175.jpg,jennie
81585.jpg,lisa
75248.jpg,lisa
70820.jpg,lisa
34212.jpg,jisoo
80138.jpg,lisa
10931.jpg,jennie
58901.jpg,jennie
9722.jpg,jisoo
50842.jpg,jennie
52699.jpg,jennie
16351.jpg,rose
64280.jpg,rose
55895.jpg,jennie
80248.jpg,lisa
1771.jpg,joyuri
55974.jpg,rose
16342.jpg,rose
80339.jpg,rose
30198.jpg,jisoo
1854.jpg,joyuri
9895.jpg,jisoo
56235.jpg,rose
45575.jpg,jennie
56513.jpg,rose
75380.jpg,lisa
79802.jpg,lisa
56715.jpg,rose
9731.jpg,jisoo
7885.jpg,jisoo
54839.jpg,rose
38353.jpg,jisoo
63394.jpg,rose
1834.jpg,joyuri
35779.jpg,jisoo
56507.jpg,rose
16349.jpg,rose
9307.jpg,rose
21821.jpg,lisa
55648.jpg,rose
29604.jpg,jisoo
1687.jpg,kimminju
78490.jpg,lisa
7159.jpg,jisoo
61198.jpg,rose
57867.jpg,rose
1823.jpg,joyuri
75220.jpg,lisa
2088.jpg,joyuri
15384.jpg,rose
68846.jpg,lisa
54875.jpg,rose
57374.jpg,rose
35447.jpg,jisoo
78590.jpg,lisa
70929.jpg,lisa
7944.jpg,jisoo
32103.jpg,jisoo
49363.jpg,jennie
50813.jpg,jennie
81683.jpg,kimminju
76479.jpg,lisa
70587.jpg,lisa
24099.jpg,lisa
81179.jpg,lisa
75748.jpg,lisa
33654.jpg,jisoo
55744.jpg,rose
7687.jpg,jisoo
938.jpg,kimminju
77368.jpg,lisa
56924.jpg,rose
58256.jpg,rose
57705.jpg,rose
78311.jpg,lisa
35237.jpg,jisoo
62923.jpg,rose
2071.jpg,joyuri
73452.jpg,lisa
54654.jpg,rose
9911.jpg,jisoo
12946.jpg,jisoo
85000.jpg,jisoo
21739.jpg,lisa
78565.jpg,lisa
50424.jpg,jennie
72576.jpg,lisa
1130.jpg,kimminju
81390.jpg,rose
77692.jpg,lisa
76217.jpg,lisa
55734.jpg,rose
9912.jpg,jisoo
75221.jpg,lisa
85362.jpg,jisoo
13010.jpg,jennie
70815.jpg,lisa
9663.jpg,jisoo
62673.jpg,rose
50550.jpg,jennie
85415.jpg,jisoo
62958.jpg,rose
69644.jpg,lisa
15941.jpg,rose
24093.jpg,lisa
2084.jpg,joyuri
70299.jpg,lisa
74039.jpg,lisa
58304.jpg,rose
63465.jpg,rose
1018.jpg,kimminju
58551.jpg,rose
56675.jpg,rose
74938.jpg,jennie
9254.jpg,jennie
8213.jpg,rose
56622.jpg,rose
1996.jpg,joyuri
82224.jpg,lisa
72795.jpg,lisa
78293.jpg,lisa
76968.jpg,lisa
80058.jpg,lisa
64587.jpg,rose
52460.jpg,jennie
80142.jpg,lisa
44423.jpg,joyuri
29555.jpg,jisoo
57785.jpg,rose
37338.jpg,jisoo
55420.jpg,rose
72869.jpg,lisa
15173.jpg,rose
65893.jpg,rose
69019.jpg,lisa
36441.jpg,jisoo
17955.jpg,rose
7720.jpg,jisoo
1557.jpg,kimminju
2180.jpg,joyuri
54143.jpg,rose
79805.jpg,lisa
56908.jpg,rose
34178.jpg,jisoo
8239.jpg,jisoo
57425.jpg,jennie
75315.jpg,lisa
1907.jpg,joyuri
55524.jpg,rose
52750.jpg,kimminju
69634.jpg,jennie
55715.jpg,rose
55601.jpg,rose
76213.jpg,lisa
54733.jpg,rose
68867.jpg,lisa
40608.jpg,jisoo
73558.jpg,lisa
76321.jpg,lisa
2085.jpg,joyuri
77963.jpg,lisa
2055.jpg,joyuri
71008.jpg,lisa
56922.jpg,rose
81882.jpg,lisa
73601.jpg,lisa
24138.jpg,lisa
81619.jpg,lisa
81468.jpg,lisa
68795.jpg,rose
78912.jpg,lisa
1394.jpg,kimminju
81183.jpg,lisa
7211.jpg,jisoo
58501.jpg,rose
1607.jpg,kimminju
56377.jpg,rose
84765.jpg,jisoo
29947.jpg,jisoo
31889.jpg,jisoo
66097.jpg,jennie
34376.jpg,jisoo
76185.jpg,lisa
74125.jpg,lisa
79799.jpg,lisa
64510.jpg,rose
1599.jpg,kimminju
38060.jpg,jisoo
74709.jpg,lisa
15900.jpg,rose
78399.jpg,lisa
80582.jpg,lisa
41206.jpg,jennie
56921.jpg,rose
15166.jpg,rose
56744.jpg,rose
8489.jpg,jisoo
76594.jpg,lisa
39283.jpg,jisoo
58167.jpg,rose
52360.jpg,jennie
16236.jpg,rose
9668.jpg,jisoo
56886.jpg,rose
56211.jpg,rose
1450.jpg,kimminju
57536.jpg,rose
57977.jpg,rose
79421.jpg,lisa
51200.jpg,jennie
9382.jpg,jisoo
70207.jpg,lisa
34432.jpg,jisoo
16347.jpg,rose
73506.jpg,lisa
7910.jpg,jisoo
79380.jpg,jisoo
73679.jpg,lisa
38157.jpg,jisoo
38366.jpg,jisoo
44424.jpg,jennie
80461.jpg,lisa
50965.jpg,jennie
70196.jpg,lisa
74717.jpg,lisa
9290.jpg,jisoo
33733.jpg,jisoo
58669.jpg,rose
9715.jpg,jisoo
16352.jpg,rose
56517.jpg,rose
73396.jpg,lisa
12677.jpg,jisoo
9681.jpg,jennie
40601.jpg,jisoo
71470.jpg,jennie
75132.jpg,lisa
63196.jpg,rose
78465.jpg,lisa
74314.jpg,lisa
24105.jpg,lisa
71000.jpg,lisa
1084.jpg,kimminju
63293.jpg,rose
54391.jpg,rose
16336.jpg,rose
65862.jpg,jisoo
7909.jpg,jisoo
63190.jpg,rose
12842.jpg,jennie
58854.jpg,rose
81845.jpg,lisa
50222.jpg,jennie
76173.jpg,lisa
81875.jpg,lisa
39284.jpg,jisoo
60935.jpg,rose
56181.jpg,rose
53320.jpg,kimminju
62002.jpg,rose
43266.jpg,jennie
54316.jpg,rose
15064.jpg,jisoo
81625.jpg,lisa
56341.jpg,rose
63406.jpg,rose
66094.jpg,rose
70797.jpg,lisa
85463.jpg,jisoo
38263.jpg,jisoo
53675.jpg,jennie
22410.jpg,lisa
82858.jpg,kimminju
33142.jpg,jisoo
63007.jpg,rose
73624.jpg,jennie
81831.jpg,lisa
72471.jpg,lisa
76823.jpg,lisa
58328.jpg,rose
33679.jpg,jisoo
40673.jpg,jisoo
77887.jpg,jennie
78624.jpg,lisa
60814.jpg,rose
39382.jpg,jisoo
85492.jpg,jisoo
75390.jpg,lisa
55657.jpg,rose
60697.jpg,rose
50955.jpg,jisoo
52039.jpg,jisoo
34081.jpg,jisoo
78524.jpg,lisa
76255.jpg,lisa
74234.jpg,lisa
56832.jpg,rose
40605.jpg,jisoo
15886.jpg,rose
16348.jpg,rose
78926.jpg,lisa
21460.jpg,kimminju
33735.jpg,jisoo
76766.jpg,lisa
24108.jpg,lisa
29518.jpg,jisoo
76883.jpg,lisa
55616.jpg,rose
1656.jpg,kimminju
74998.jpg,jennie
56175.jpg,rose
1104.jpg,kimminju
31344.jpg,jisoo
57508.jpg,rose
72275.jpg,lisa
55654.jpg,rose
85355.jpg,jisoo
52527.jpg,jennie
12868.jpg,jennie
85402.jpg,jisoo
48115.jpg,jennie
23257.jpg,jennie
45549.jpg,jennie
75144.jpg,lisa
54951.jpg,rose
41337.jpg,jisoo
37351.jpg,jennie
57122.jpg,rose
32382.jpg,jisoo
81491.jpg,lisa
8490.jpg,jisoo
56556.jpg,rose
52169.jpg,jennie
77964.jpg,lisa
16367.jpg,rose
23488.jpg,jennie
1580.jpg,kimminju
16368.jpg,jennie
68860.jpg,lisa
70408.jpg,lisa
84845.jpg,jisoo
85090.jpg,jisoo
68832.jpg,lisa
69999.jpg,lisa
42366.jpg,jennie
56480.jpg,rose
1714.jpg,lisa
62888.jpg,rose
7740.jpg,jisoo
45728.jpg,jennie
79398.jpg,lisa
34313.jpg,jisoo
57704.jpg,rose
73464.jpg,jennie
10926.jpg,jennie
28870.jpg,jisoo
53671.jpg,jennie
76678.jpg,lisa
56361.jpg,rose
42051.jpg,jennie
44229.jpg,jennie
8530.jpg,jennie
59164.jpg,rose
34220.jpg,jisoo
75174.jpg,lisa
77832.jpg,lisa
56212.jpg,rose
21926.jpg,lisa
1651.jpg,kimminju
63392.jpg,rose
8082.jpg,jennie
1956.jpg,joyuri
9056.jpg,jisoo
1726.jpg,joyuri
50751.jpg,jennie
16356.jpg,jisoo
79417.jpg,lisa
79737.jpg,lisa
21925.jpg,lisa
1311.jpg,kimminju
78390.jpg,lisa
24038.jpg,lisa
85348.jpg,jisoo
41462.jpg,jisoo
1723.jpg,rose
75861.jpg,lisa
75396.jpg,lisa
21921.jpg,lisa
2352.jpg,kimminju
56525.jpg,rose
57744.jpg,rose
85242.jpg,jisoo
54068.jpg,rose
28949.jpg,jisoo
54388.jpg,rose
50284.jpg,jisoo
72911.jpg,lisa
56577.jpg,rose
58623.jpg,rose
56739.jpg,rose
80193.jpg,lisa
2020.jpg,joyuri
1373.jpg,kimminju
29553.jpg,jisoo
56903.jpg,rose
29603.jpg,jisoo
66352.jpg,rose
80441.jpg,lisa
63926.jpg,rose
48116.jpg,jisoo
22369.jpg,lisa
80524.jpg,lisa
982.jpg,kimminju
85418.jpg,jisoo
39390.jpg,jisoo
68651.jpg,lisa
57754.jpg,rose
10924.jpg,jennie
55847.jpg,rose
69824.jpg,lisa
2164.jpg,joyuri
56823.jpg,rose
64725.jpg,rose
2328.jpg,joyuri
22402.jpg,lisa
1211.jpg,kimminju
70796.jpg,lisa
70424.jpg,rose
76965.jpg,lisa
70054.jpg,lisa
1892.jpg,joyuri
76370.jpg,lisa
57476.jpg,rose
1661.jpg,kimminju
7875.jpg,jisoo
71469.jpg,lisa
76404.jpg,lisa
55820.jpg,rose
46798.jpg,jisoo
15877.jpg,rose
7736.jpg,jisoo
33883.jpg,jisoo
85367.jpg,jisoo
79224.jpg,lisa
8865.jpg,rose
78314.jpg,lisa
78809.jpg,lisa
69632.jpg,lisa
73579.jpg,lisa
9805.jpg,jisoo
85427.jpg,jisoo
76541.jpg,lisa
69688.jpg,jisoo
81870.jpg,lisa
56618.jpg,rose
9784.jpg,jisoo
85365.jpg,jisoo
34366.jpg,jisoo
81244.jpg,lisa
38051.jpg,jisoo
16369.jpg,rose
59640.jpg,rose
12991.jpg,jennie
54749.jpg,rose
58839.jpg,rose
75837.jpg,jennie
59576.jpg,rose
80057.jpg,lisa
1335.jpg,kimminju
16109.jpg,rose
81270.jpg,rose
10435.jpg,jisoo
54833.jpg,rose
56438.jpg,rose
73697.jpg,lisa
57510.jpg,rose
2136.jpg,joyuri
13040.jpg,jennie
80533.jpg,jennie
58582.jpg,rose
55169.jpg,rose
55459.jpg,rose
49435.jpg,rose
78575.jpg,lisa
39741.jpg,jisoo
57277.jpg,rose
34399.jpg,jisoo
58142.jpg,rose
1869.jpg,joyuri
13011.jpg,jennie
7707.jpg,jisoo
7708.jpg,jisoo
69617.jpg,joyuri
56604.jpg,rose
58281.jpg,rose
80083.jpg,lisa
80562.jpg,jennie
2005.jpg,joyuri
55782.jpg,rose
60465.jpg,rose
78604.jpg,rose
78160.jpg,lisa
56076.jpg,rose
36373.jpg,jisoo
50517.jpg,jennie
9742.jpg,jisoo
78774.jpg,lisa
55346.jpg,rose
56854.jpg,rose
2054.jpg,joyuri
84483.jpg,jisoo
61648.jpg,rose
1328.jpg,kimminju
75311.jpg,lisa
75291.jpg,lisa
1507.jpg,kimminju
61364.jpg,rose
38712.jpg,jisoo
15031.jpg,jennie
34314.jpg,jisoo
56356.jpg,rose
81135.jpg,lisa
17917.jpg,rose
16374.jpg,rose
2338.jpg,joyuri
64492.jpg,rose
1973.jpg,kimminju
56080.jpg,rose
59901.jpg,rose
54737.jpg,rose
62256.jpg,rose
60235.jpg,rose
33826.jpg,jisoo
56233.jpg,rose
2052.jpg,joyuri
81422.jpg,lisa
56930.jpg,rose
73799.jpg,lisa
76684.jpg,jisoo
56072.jpg,rose
58580.jpg,rose
34100.jpg,jisoo
81604.jpg,lisa
12937.jpg,jisoo
33144.jpg,jisoo
66241.jpg,rose
36413.jpg,jisoo
81672.jpg,lisa
78537.jpg,lisa
7677.jpg,jisoo
34345.jpg,jisoo
32148.jpg,jisoo
55530.jpg,rose
2222.jpg,joyuri
39604.jpg,jisoo
32643.jpg,jisoo
2049.jpg,joyuri
55368.jpg,rose
49431.jpg,jennie
1724.jpg,joyuri
1886.jpg,joyuri
71103.jpg,lisa
76150.jpg,lisa
59515.jpg,rose
70195.jpg,jennie
36214.jpg,jisoo
2129.jpg,joyuri
63921.jpg,rose
39362.jpg,jisoo
56636.jpg,rose
85284.jpg,jisoo
61416.jpg,rose
85431.jpg,jisoo
63565.jpg,rose
15190.jpg,rose
78587.jpg,lisa
1293.jpg,kimminju
1206.jpg,kimminju
77709.jpg,lisa
81227.jpg,lisa
59513.jpg,rose
64702.jpg,jisoo
85500.jpg,jisoo
30467.jpg,jisoo
15866.jpg,rose
50464.jpg,jennie
55812.jpg,rose
51902.jpg,joyuri
1181.jpg,kimminju
16372.jpg,jennie
1623.jpg,kimminju
76182.jpg,lisa
52788.jpg,rose
80584.jpg,lisa
13350.jpg,jennie
80222.jpg,lisa
56351.jpg,rose
78944.jpg,lisa
78165.jpg,lisa
72702.jpg,lisa
59583.jpg,rose
2191.jpg,joyuri
2094.jpg,joyuri
81628.jpg,lisa
1300.jpg,kimminju
52304.jpg,jennie
35382.jpg,jisoo
58093.jpg,rose
55919.jpg,rose
55596.jpg,rose
84560.jpg,jisoo
38351.jpg,jisoo
63136.jpg,rose
40612.jpg,jisoo
65779.jpg,jisoo
63404.jpg,rose
44441.jpg,jennie
52059.jpg,jisoo
10937.jpg,jennie
56039.jpg,rose
81186.jpg,lisa
2340.jpg,joyuri
79285.jpg,lisa
76457.jpg,lisa
79189.jpg,lisa
80011.jpg,lisa
58130.jpg,rose
56457.jpg,rose
16155.jpg,rose
35207.jpg,jisoo
81231.jpg,lisa
12646.jpg,jisoo
78522.jpg,lisa
73498.jpg,lisa
30983.jpg,jisoo
7689.jpg,jisoo
55106.jpg,rose
84902.jpg,jisoo
78652.jpg,lisa
54406.jpg,rose
12899.jpg,jennie
84949.jpg,jisoo
63652.jpg,rose
2172.jpg,joyuri
1340.jpg,kimminju
72715.jpg,lisa
81010.jpg,lisa
13685.jpg,jennie
34310.jpg,jisoo
34188.jpg,jisoo
38235.jpg,jisoo
39268.jpg,lisa
44469.jpg,jennie
82972.jpg,jisoo
2110.jpg,joyuri
76080.jpg,lisa
79057.jpg,lisa
56327.jpg,rose
33799.jpg,jisoo
55673.jpg,rose
80404.jpg,rose
19131.jpg,rose
2289.jpg,joyuri
61202.jpg,rose
76239.jpg,lisa
52326.jpg,jennie
76196.jpg,rose
73738.jpg,lisa
9716.jpg,jisoo
52391.jpg,jennie
72431.jpg,lisa
58589.jpg,rose
81860.jpg,lisa
69534.jpg,lisa
50541.jpg,jennie
78336.jpg,lisa
57080.jpg,rose
56287.jpg,rose
15307.jpg,rose
7882.jpg,jisoo
1245.jpg,kimminju
66828.jpg,jennie
52803.jpg,jennie
56038.jpg,rose
70291.jpg,lisa
56336.jpg,rose
79760.jpg,lisa
22161.jpg,lisa
52499.jpg,jennie
1734.jpg,joyuri
56492.jpg,rose
29521.jpg,jisoo
45325.jpg,jennie
71509.jpg,lisa
1459.jpg,kimminju
60655.jpg,rose
58677.jpg,rose
60182.jpg,rose
80973.jpg,jennie
80591.jpg,lisa
68458.jpg,rose
45574.jpg,jennie
56919.jpg,rose
76381.jpg,lisa
62881.jpg,lisa
62760.jpg,rose
81482.jpg,lisa
78924.jpg,lisa
81403.jpg,lisa
56062.jpg,rose
35249.jpg,jisoo
8640.jpg,joyuri
1064.jpg,kimminju
8065.jpg,jisoo
72672.jpg,lisa
70584.jpg,lisa
1766.jpg,lisa
33743.jpg,jisoo
55733.jpg,rose
80580.jpg,lisa
34754.jpg,jisoo
1847.jpg,joyuri
55713.jpg,rose
39742.jpg,jisoo
40551.jpg,jisoo
80059.jpg,lisa
15000.jpg,jisoo
50206.jpg,jisoo
53691.jpg,jennie
1993.jpg,joyuri
38559.jpg,jisoo
56553.jpg,rose
81523.jpg,lisa
7104.jpg,jisoo
80077.jpg,lisa
81372.jpg,lisa
56658.jpg,rose
69000.jpg,lisa
42367.jpg,jennie
79159.jpg,lisa
56248.jpg,rose
64738.jpg,jisoo
69423.jpg,lisa
63317.jpg,rose
33091.jpg,jisoo
58219.jpg,rose
79723.jpg,lisa
56887.jpg,rose
2000.jpg,joyuri
66551.jpg,rose
81275.jpg,lisa
81174.jpg,lisa
34387.jpg,jisoo
9759.jpg,jisoo
55211.jpg,rose
9669.jpg,jisoo
81858.jpg,lisa
71230.jpg,lisa
58498.jpg,rose
62488.jpg,jisoo
35415.jpg,jisoo
56102.jpg,rose
1318.jpg,kimminju
80210.jpg,lisa
35806.jpg,kimminju
32094.jpg,jisoo
56242.jpg,rose
29605.jpg,jisoo
66003.jpg,jisoo
1102.jpg,kimminju
75416.jpg,lisa
85370.jpg,jisoo
40656.jpg,jisoo
55680.jpg,rose
73665.jpg,lisa
57428.jpg,rose
63919.jpg,rose
10947.jpg,jennie
24096.jpg,lisa
81190.jpg,lisa
34103.jpg,jisoo
1160.jpg,kimminju
50948.jpg,jennie
69915.jpg,lisa
42162.jpg,jennie
12678.jpg,jennie
81277.jpg,rose
21652.jpg,lisa
30278.jpg,jisoo
28874.jpg,jisoo
32175.jpg,jisoo
57968.jpg,rose
59898.jpg,rose
21461.jpg,kimminju
38242.jpg,jisoo
82150.jpg,lisa
47138.jpg,jennie
73465.jpg,kimminju
85481.jpg,jisoo
77880.jpg,lisa
2250.jpg,joyuri
24110.jpg,lisa
57819.jpg,rose
9732.jpg,kimminju
37753.jpg,jisoo
61340.jpg,rose
57702.jpg,rose
9667.jpg,jisoo
9902.jpg,jisoo
32612.jpg,jisoo
7122.jpg,jisoo
38347.jpg,jisoo
85461.jpg,jisoo
35387.jpg,jisoo
79807.jpg,jennie
62915.jpg,rose
1085.jpg,kimminju
75709.jpg,lisa
56698.jpg,rose
15874.jpg,rose
22427.jpg,lisa
11760.jpg,jennie
82860.jpg,kimminju
39550.jpg,jisoo
39395.jpg,jisoo
81487.jpg,lisa
73727.jpg,lisa
85448.jpg,jisoo
73562.jpg,jisoo
79179.jpg,lisa
81829.jpg,lisa
70997.jpg,lisa
34194.jpg,jisoo
65754.jpg,jisoo
34219.jpg,jisoo
30436.jpg,jisoo
34321.jpg,jisoo
65521.jpg,jisoo
45173.jpg,jisoo
35444.jpg,jisoo
85456.jpg,jisoo
1027.jpg,kimminju
61363.jpg,rose
57661.jpg,rose
55705.jpg,rose
79736.jpg,lisa
33260.jpg,jisoo
2003.jpg,joyuri
81622.jpg,lisa
57107.jpg,rose
39646.jpg,jisoo
34758.jpg,jisoo
58005.jpg,rose
39573.jpg,jisoo
30001.jpg,jisoo
72789.jpg,lisa
78588.jpg,lisa
62777.jpg,rose
50867.jpg,jennie
33820.jpg,jisoo
47022.jpg,jennie
13033.jpg,jennie
2346.jpg,joyuri
1380.jpg,kimminju
13037.jpg,jennie
1968.jpg,joyuri
80554.jpg,lisa
11746.jpg,jennie
79397.jpg,lisa
82965.jpg,jisoo
78302.jpg,lisa
81189.jpg,lisa
74982.jpg,lisa
2127.jpg,joyuri
58805.jpg,rose
21650.jpg,lisa
16118.jpg,rose
73546.jpg,lisa
68459.jpg,lisa
76590.jpg,lisa
58526.jpg,rose
1928.jpg,joyuri
79904.jpg,rose
63826.jpg,rose
9834.jpg,jisoo
29997.jpg,jisoo
52303.jpg,jennie
76604.jpg,lisa
55461.jpg,rose
76005.jpg,lisa
17909.jpg,rose
53688.jpg,jennie
55508.jpg,rose
72550.jpg,lisa
56431.jpg,rose
81193.jpg,lisa
1929.jpg,joyuri
81008.jpg,lisa
35852.jpg,jisoo
16308.jpg,rose
73236.jpg,lisa
81241.jpg,lisa
38861.jpg,jisoo
65797.jpg,rose
13816.jpg,jennie
58324.jpg,rose
33805.jpg,jisoo
79853.jpg,lisa
80112.jpg,lisa
21538.jpg,lisa
968.jpg,kimminju
39266.jpg,jisoo
39566.jpg,jisoo
7655.jpg,jisoo
70834.jpg,lisa
63558.jpg,rose
10451.jpg,jisoo
76985.jpg,lisa
38694.jpg,jisoo
70396.jpg,lisa
59279.jpg,jennie
21700.jpg,lisa
24094.jpg,lisa
33680.jpg,jisoo
39624.jpg,jisoo
53555.jpg,rose
33594.jpg,jisoo
52867.jpg,jennie
63038.jpg,rose
1997.jpg,joyuri
70827.jpg,lisa
19970.jpg,rose
84948.jpg,jisoo
80107.jpg,lisa
69047.jpg,lisa
56864.jpg,rose
29584.jpg,jisoo
56493.jpg,rose
30803.jpg,jisoo
1203.jpg,kimminju
36449.jpg,jisoo
72493.jpg,rose
34187.jpg,jisoo
56829.jpg,rose
21748.jpg,lisa
1358.jpg,kimminju
33832.jpg,jisoo
85425.jpg,jisoo
81666.jpg,jisoo
16121.jpg,rose
73577.jpg,lisa
33825.jpg,jisoo
1935.jpg,joyuri
39551.jpg,jisoo
81426.jpg,lisa
33649.jpg,jisoo
75964.jpg,jisoo
74898.jpg,jennie
31031.jpg,jisoo
79411.jpg,lisa
75726.jpg,lisa
58566.jpg,rose
32172.jpg,jisoo
56243.jpg,rose
1883.jpg,jisoo
7177.jpg,jisoo
78608.jpg,lisa
32062.jpg,jisoo
80381.jpg,lisa
82374.jpg,jennie
57690.jpg,rose
81250.jpg,lisa
22383.jpg,lisa
55599.jpg,rose
1891.jpg,kimminju
62048.jpg,rose
33645.jpg,jisoo
18045.jpg,jennie
57119.jpg,rose
67708.jpg,lisa
57452.jpg,rose
61137.jpg,rose
9635.jpg,jisoo
57972.jpg,rose
41164.jpg,jisoo
80091.jpg,lisa
70000.jpg,lisa
49387.jpg,jennie
38251.jpg,jisoo
39394.jpg,jisoo
56487.jpg,rose
55716.jpg,rose
54071.jpg,rose
52421.jpg,jennie
33396.jpg,jisoo
53662.jpg,jisoo
8330.jpg,rose
70407.jpg,rose
40295.jpg,jisoo
63810.jpg,rose
60357.jpg,rose
76373.jpg,lisa
15879.jpg,rose
45238.jpg,jennie
39056.jpg,jisoo
53337.jpg,jennie
1855.jpg,joyuri
9666.jpg,jisoo
56390.jpg,rose
1921.jpg,joyuri
2317.jpg,joyuri
35220.jpg,jisoo
35440.jpg,jisoo
54410.jpg,rose
73725.jpg,lisa
63932.jpg,rose
55347.jpg,rose
76174.jpg,lisa
65876.jpg,rose
15141.jpg,rose
78816.jpg,lisa
53685.jpg,jisoo
85279.jpg,jisoo
7683.jpg,jisoo
82967.jpg,jisoo
80502.jpg,lisa
2082.jpg,joyuri
73520.jpg,lisa
36631.jpg,jisoo
73594.jpg,lisa
57966.jpg,rose
56449.jpg,rose
2060.jpg,joyuri
58097.jpg,rose
56535.jpg,rose
76107.jpg,lisa
16365.jpg,rose
81243.jpg,lisa
72722.jpg,lisa
55505.jpg,rose
65032.jpg,rose
54734.jpg,rose
7721.jpg,jisoo
79412.jpg,lisa
9677.jpg,jisoo
33085.jpg,jisoo
1576.jpg,kimminju
65365.jpg,jisoo
57675.jpg,rose
60187.jpg,rose
44476.jpg,jennie
34747.jpg,jisoo
59581.jpg,rose
37098.jpg,jisoo
33095.jpg,jisoo
70789.jpg,lisa
9175.jpg,kimminju
40377.jpg,rose
55683.jpg,rose
17748.jpg,rose
77874.jpg,kimminju
58857.jpg,rose
2123.jpg,joyuri
54742.jpg,rose
81113.jpg,lisa
52786.jpg,jennie
1439.jpg,kimminju
41207.jpg,jisoo
81225.jpg,lisa
16173.jpg,rose
2011.jpg,joyuri
32063.jpg,jisoo
81477.jpg,lisa
55494.jpg,rose
2256.jpg,joyuri
85385.jpg,jisoo
12821.jpg,jennie
40694.jpg,jisoo
85457.jpg,jisoo
1954.jpg,joyuri
7911.jpg,jisoo
70003.jpg,lisa
75204.jpg,lisa
1934.jpg,joyuri
56413.jpg,rose
10922.jpg,jennie
56491.jpg,rose
51133.jpg,jennie
77773.jpg,lisa
12725.jpg,jennie
58014.jpg,rose
33063.jpg,jisoo
58279.jpg,rose
78808.jpg,lisa
68990.jpg,rose
18050.jpg,jennie
952.jpg,kimminju
15898.jpg,rose
13486.jpg,jennie
7697.jpg,jennie
79136.jpg,lisa
2131.jpg,joyuri
78591.jpg,lisa
76519.jpg,lisa
1650.jpg,kimminju
81621.jpg,lisa
2316.jpg,joyuri
60359.jpg,rose
56700.jpg,rose
63133.jpg,rose
75384.jpg,lisa
63824.jpg,rose
69947.jpg,rose
50520.jpg,jennie
40385.jpg,jisoo
77638.jpg,lisa
59275.jpg,jennie
7934.jpg,jisoo
34736.jpg,jisoo
56185.jpg,rose
81994.jpg,lisa
50980.jpg,jennie
9675.jpg,jisoo
82855.jpg,kimminju
1959.jpg,joyuri
73629.jpg,lisa
81573.jpg,lisa
33681.jpg,jisoo
2195.jpg,joyuri
58832.jpg,rose
1302.jpg,kimminju
1395.jpg,kimminju
55603.jpg,rose
58571.jpg,rose
78576.jpg,lisa
55940.jpg,rose
59511.jpg,rose
55594.jpg,rose
52306.jpg,jennie
42450.jpg,jisoo
56194.jpg,rose
898.jpg,kimminju
85409.jpg,jisoo
85413.jpg,jisoo
52336.jpg,jennie
81230.jpg,jisoo
75747.jpg,lisa
85351.jpg,jisoo
24481.jpg,lisa
75723.jpg,lisa
8618.jpg,jennie
39752.jpg,jisoo
66261.jpg,rose
38240.jpg,jisoo
79395.jpg,lisa
1662.jpg,kimminju
12989.jpg,jennie
74467.jpg,lisa
67046.jpg,lisa
54405.jpg,rose
81878.jpg,lisa
60923.jpg,rose
70787.jpg,lisa
38165.jpg,jisoo
76861.jpg,lisa
81613.jpg,lisa
62355.jpg,jisoo
85324.jpg,jisoo
33755.jpg,jisoo
53760.jpg,jennie
1872.jpg,kimminju
1146.jpg,rose
24034.jpg,lisa
2096.jpg,joyuri
8494.jpg,jennie
33882.jpg,jisoo
85471.jpg,jisoo
70399.jpg,lisa
57728.jpg,rose
70805.jpg,lisa
82138.jpg,lisa
69036.jpg,lisa
77011.jpg,lisa
42142.jpg,jisoo
76614.jpg,lisa
32777.jpg,jisoo
80131.jpg,lisa
56082.jpg,rose
7713.jpg,jisoo
2063.jpg,joyuri
38082.jpg,jisoo
65379.jpg,jisoo
52533.jpg,jennie
81633.jpg,lisa
2001.jpg,joyuri
79127.jpg,lisa
56048.jpg,rose
75879.jpg,lisa
40318.jpg,jisoo
22184.jpg,lisa
8612.jpg,jennie
7704.jpg,jisoo
79414.jpg,lisa
70934.jpg,lisa
56925.jpg,rose
23638.jpg,lisa
62439.jpg,jisoo
81907.jpg,lisa
79804.jpg,lisa
33348.jpg,jisoo
45562.jpg,jennie
13085.jpg,jennie
13088.jpg,jennie
82956.jpg,jisoo
52807.jpg,jisoo
67165.jpg,lisa
84937.jpg,jisoo
36720.jpg,rose
34324.jpg,jisoo
75736.jpg,lisa
78765.jpg,lisa
1201.jpg,kimminju
78531.jpg,lisa
56485.jpg,rose
974.jpg,kimminju
77856.jpg,lisa
38110.jpg,jisoo
18308.jpg,rose
40349.jpg,jisoo
68868.jpg,lisa
24106.jpg,lisa
72711.jpg,jennie
16085.jpg,rose
76670.jpg,lisa
80991.jpg,lisa
77886.jpg,lisa
82000.jpg,lisa
12642.jpg,jisoo
35251.jpg,jisoo
84539.jpg,jennie
81583.jpg,lisa
57406.jpg,rose
55440.jpg,rose
16264.jpg,rose
63036.jpg,rose
85281.jpg,jisoo
57412.jpg,jennie
56696.jpg,rose
16376.jpg,jisoo
64692.jpg,jisoo
84955.jpg,jisoo
11751.jpg,rose
70051.jpg,lisa
10450.jpg,jisoo
10938.jpg,jennie
56488.jpg,rose
56099.jpg,rose
80552.jpg,jennie
981.jpg,kimminju
15959.jpg,rose
77180.jpg,lisa
16311.jpg,rose
63917.jpg,rose
66041.jpg,rose
80448.jpg,jisoo
76975.jpg,lisa
33056.jpg,jisoo
7142.jpg,jisoo
78919.jpg,lisa
31667.jpg,jisoo
1887.jpg,joyuri
20610.jpg,lisa
54866.jpg,rose
32542.jpg,jisoo
56537.jpg,rose
8236.jpg,jennie
34704.jpg,jisoo
21220.jpg,lisa
60176.jpg,rose
81252.jpg,lisa
8505.jpg,jennie
63135.jpg,rose
57437.jpg,lisa
33789.jpg,jisoo
21658.jpg,lisa
9906.jpg,jisoo
56630.jpg,rose
2259.jpg,joyuri
76192.jpg,lisa
76515.jpg,jisoo
54710.jpg,rose
78657.jpg,lisa
72679.jpg,lisa
39743.jpg,jisoo
80228.jpg,lisa
32591.jpg,jisoo
52853.jpg,jisoo
1914.jpg,joyuri
37776.jpg,jisoo
53736.jpg,jennie
8546.jpg,jennie
56605.jpg,rose
55453.jpg,rose
77636.jpg,lisa
85429.jpg,jisoo
78916.jpg,jennie
2192.jpg,joyuri
58004.jpg,rose
22375.jpg,lisa
80553.jpg,lisa
8053.jpg,jisoo
76698.jpg,jennie
68457.jpg,lisa
81609.jpg,lisa
73392.jpg,lisa
81606.jpg,lisa
70850.jpg,lisa
30329.jpg,jisoo
40405.jpg,jisoo
58205.jpg,rose
71004.jpg,lisa
40221.jpg,jisoo
58291.jpg,rose
56591.jpg,rose
55480.jpg,rose
56548.jpg,rose
82247.jpg,lisa
33146.jpg,jisoo
64558.jpg,rose
70860.jpg,lisa
79071.jpg,lisa
54898.jpg,rose
50673.jpg,jisoo
38358.jpg,jisoo
33776.jpg,jisoo
78574.jpg,lisa
55587.jpg,rose
56570.jpg,rose
85460.jpg,jisoo
56186.jpg,rose
81011.jpg,lisa
29568.jpg,jisoo
85508.jpg,jisoo
18240.jpg,rose
13165.jpg,jennie
40354.jpg,jisoo
80249.jpg,lisa
2273.jpg,joyuri
16301.jpg,rose
70286.jpg,lisa
30855.jpg,jisoo
33101.jpg,jennie
56518.jpg,rose
1033.jpg,kimminju
18327.jpg,jennie
19864.jpg,rose
78199.jpg,lisa
34360.jpg,jisoo
38093.jpg,jisoo
1057.jpg,kimminju
35749.jpg,jisoo
66587.jpg,rose
1508.jpg,kimminju
33809.jpg,jisoo
76956.jpg,lisa
76544.jpg,lisa
81817.jpg,lisa
69073.jpg,lisa
58825.jpg,rose
69555.jpg,lisa
39280.jpg,jisoo
33300.jpg,jisoo
34184.jpg,jisoo
51786.jpg,rose
8435.jpg,jennie
77643.jpg,lisa
54387.jpg,rose
16127.jpg,rose
13007.jpg,jennie
1442.jpg,joyuri
899.jpg,kimminju
72391.jpg,kimminju
80185.jpg,lisa
15641.jpg,rose
81196.jpg,lisa
56898.jpg,rose
63040.jpg,rose
38406.jpg,jisoo
44162.jpg,jennie
50859.jpg,jennie
22100.jpg,lisa
37598.jpg,jisoo
59735.jpg,jisoo
76514.jpg,lisa
1092.jpg,kimminju
44470.jpg,jennie
50856.jpg,jennie
73745.jpg,lisa
57768.jpg,rose
61131.jpg,rose
84978.jpg,jisoo
70998.jpg,lisa
13841.jpg,jennie
81635.jpg,lisa
34200.jpg,jisoo
80976.jpg,lisa
64588.jpg,rose
38689.jpg,jisoo
38399.jpg,jisoo
12936.jpg,jennie
58260.jpg,rose
56197.jpg,rose
50277.jpg,rose
23917.jpg,lisa
79800.jpg,lisa
33678.jpg,jisoo
35411.jpg,jisoo
13470.jpg,jennie
66024.jpg,rose
64285.jpg,rose
55323.jpg,rose
75350.jpg,lisa
85412.jpg,jisoo
55854.jpg,jennie
17926.jpg,rose
80019.jpg,lisa
2109.jpg,joyuri
58480.jpg,rose
84787.jpg,jisoo
10939.jpg,jisoo
2209.jpg,rose
1912.jpg,joyuri
84917.jpg,jisoo
1417.jpg,kimminju
72255.jpg,lisa
54390.jpg,rose
73573.jpg,lisa
29889.jpg,jisoo
54423.jpg,rose
58314.jpg,rose
77342.jpg,lisa
1992.jpg,joyuri
63198.jpg,rose
1851.jpg,joyuri
56663.jpg,rose
80040.jpg,lisa
42890.jpg,jennie
1857.jpg,joyuri
10925.jpg,jennie
12706.jpg,jennie
1767.jpg,lisa
1961.jpg,joyuri
2362.jpg,joyuri
54389.jpg,rose
17756.jpg,rose
64760.jpg,rose
13572.jpg,jennie
50861.jpg,jennie
81226.jpg,lisa
33354.jpg,jisoo
45315.jpg,jennie
74940.jpg,rose
1781.jpg,joyuri
56888.jpg,rose
7907.jpg,jisoo
12643.jpg,jisoo
1953.jpg,joyuri
29463.jpg,jennie
35228.jpg,jisoo
85307.jpg,jisoo
954.jpg,kimminju
60399.jpg,rose
16333.jpg,rose
73524.jpg,lisa
57722.jpg,rose
79205.jpg,lisa
2029.jpg,joyuri
1572.jpg,kimminju
30341.jpg,jisoo
62296.jpg,rose
64165.jpg,rose
28808.jpg,jisoo
55860.jpg,rose
58680.jpg,rose
30021.jpg,jisoo
75735.jpg,lisa
9335.jpg,jisoo
35427.jpg,jisoo
2114.jpg,joyuri
16359.jpg,rose
56641.jpg,rose
69625.jpg,lisa
58534.jpg,rose
69490.jpg,lisa
11774.jpg,jennie
13983.jpg,jennie
36598.jpg,jisoo
81810.jpg,lisa
78325.jpg,lisa
1374.jpg,kimminju
9664.jpg,jisoo
1987.jpg,joyuri
2092.jpg,joyuri
77630.jpg,lisa
46088.jpg,jennie
2113.jpg,kimminju
11253.jpg,jisoo
22095.jpg,lisa
68999.jpg,lisa
1080.jpg,jisoo
38102.jpg,jisoo
82278.jpg,lisa
81832.jpg,lisa
24510.jpg,lisa
57431.jpg,rose
31852.jpg,jisoo
70081.jpg,lisa
56653.jpg,rose
36234.jpg,jisoo
41322.jpg,jisoo
78556.jpg,lisa
45174.jpg,jennie
1991.jpg,joyuri
1665.jpg,kimminju
33748.jpg,jisoo
81501.jpg,lisa
36594.jpg,jisoo
68455.jpg,lisa
64367.jpg,rose
62468.jpg,rose
80318.jpg,lisa
56357.jpg,rose
57967.jpg,rose
63128.jpg,rose
1294.jpg,kimminju
74451.jpg,lisa
1551.jpg,kimminju
1307.jpg,kimminju
81598.jpg,lisa
85483.jpg,jisoo
75745.jpg,lisa
70194.jpg,lisa
72700.jpg,lisa
75718.jpg,lisa
70216.jpg,lisa
76435.jpg,lisa
77955.jpg,lisa
81363.jpg,lisa
22097.jpg,lisa
77535.jpg,lisa
60277.jpg,rose
55377.jpg,rose
36626.jpg,jisoo
1433.jpg,kimminju
56059.jpg,rose
7107.jpg,jisoo
84484.jpg,jisoo
76113.jpg,lisa
76170.jpg,lisa
42094.jpg,jennie
79849.jpg,lisa
44389.jpg,jennie
72783.jpg,lisa
71278.jpg,lisa
2125.jpg,joyuri
12845.jpg,jennie
59500.jpg,rose
58739.jpg,rose
68988.jpg,rose
1290.jpg,kimminju
33705.jpg,jisoo
78769.jpg,lisa
60918.jpg,rose
62303.jpg,rose
1577.jpg,kimminju
81497.jpg,lisa
78577.jpg,lisa
54650.jpg,rose
73551.jpg,lisa
1428.jpg,jisoo
1004.jpg,kimminju
71425.jpg,lisa
69359.jpg,lisa
10532.jpg,jennie
62493.jpg,jisoo
34195.jpg,jisoo
49361.jpg,jennie
71808.jpg,lisa
38552.jpg,jisoo
76428.jpg,lisa
10932.jpg,jennie
64722.jpg,jisoo
63569.jpg,rose
40317.jpg,jisoo
63411.jpg,rose
2280.jpg,joyuri
62553.jpg,jennie
54399.jpg,rose
73406.jpg,lisa
56343.jpg,rose
9250.jpg,jisoo
1506.jpg,kimminju
11896.jpg,jennie
78392.jpg,lisa
54751.jpg,rose
70832.jpg,lisa
38805.jpg,jisoo
8532.jpg,jisoo
34229.jpg,jisoo
65705.jpg,jisoo
40074.jpg,jisoo
79191.jpg,lisa
63850.jpg,rose
78529.jpg,lisa
34183.jpg,jisoo
54944.jpg,rose
55623.jpg,rose
76380.jpg,lisa
74800.jpg,lisa
81814.jpg,lisa
58588.jpg,rose
79720.jpg,lisa
2251.jpg,kimminju
70001.jpg,lisa
54439.jpg,lisa
57715.jpg,rose
33386.jpg,jisoo
44310.jpg,jennie
33391.jpg,jisoo
1730.jpg,joyuri
58165.jpg,rose
7706.jpg,jisoo
57971.jpg,rose
60385.jpg,rose
12619.jpg,jennie
81596.jpg,lisa
55233.jpg,rose
58818.jpg,rose
60298.jpg,rose
8630.jpg,jisoo
33389.jpg,jisoo
34196.jpg,jisoo
81549.jpg,lisa
78156.jpg,lisa
84581.jpg,jisoo
63920.jpg,rose
85315.jpg,jisoo
16198.jpg,rose
81235.jpg,lisa
33134.jpg,jisoo
81569.jpg,lisa
85243.jpg,jisoo
56330.jpg,rose
85359.jpg,jisoo
80079.jpg,lisa
78621.jpg,rose
10942.jpg,jennie
81502.jpg,lisa
66091.jpg,jisoo
12682.jpg,jennie
52056.jpg,jisoo
84775.jpg,jisoo
62464.jpg,jisoo
77900.jpg,lisa
7696.jpg,jisoo
1199.jpg,kimminju
85499.jpg,jisoo
33592.jpg,jisoo
81566.jpg,lisa
16303.jpg,rose
82375.jpg,lisa
55682.jpg,rose
12950.jpg,jennie
1979.jpg,joyuri
54494.jpg,rose
53646.jpg,jennie
16370.jpg,jennie
13837.jpg,jennie
80123.jpg,lisa
16293.jpg,rose
57443.jpg,rose
1567.jpg,kimminju
1464.jpg,kimminju
36608.jpg,jisoo
2269.jpg,joyuri
57707.jpg,rose
70794.jpg,lisa
33634.jpg,jisoo
24492.jpg,lisa
80357.jpg,rose
33268.jpg,jisoo
72934.jpg,lisa
76425.jpg,rose
81665.jpg,jisoo
80496.jpg,lisa
68444.jpg,lisa
1972.jpg,joyuri
44440.jpg,jennie
57151.jpg,rose
53679.jpg,jennie
53683.jpg,jennie
49471.jpg,jisoo
81496.jpg,lisa
1955.jpg,joyuri
14040.jpg,jennie
66321.jpg,rose
30926.jpg,jisoo
77652.jpg,lisa
69016.jpg,lisa
55469.jpg,rose
55712.jpg,rose
77830.jpg,lisa
35455.jpg,jisoo
12987.jpg,lisa
13346.jpg,jennie
1094.jpg,kimminju
63760.jpg,jisoo
50895.jpg,jennie
81391.jpg,lisa
74715.jpg,lisa
40182.jpg,jisoo
55546.jpg,rose
29560.jpg,jisoo
20041.jpg,rose
78505.jpg,jisoo
75708.jpg,lisa
66002.jpg,rose
34210.jpg,jisoo
58527.jpg,rose
12911.jpg,jennie
81593.jpg,lisa
81828.jpg,lisa
1898.jpg,joyuri
85358.jpg,jisoo
2196.jpg,joyuri
56380.jpg,rose
59516.jpg,rose
54837.jpg,jennie
11764.jpg,jennie
16872.jpg,rose
76939.jpg,lisa
56109.jpg,rose
20659.jpg,lisa
42053.jpg,jennie
70795.jpg,lisa
1971.jpg,joyuri
58253.jpg,rose
34191.jpg,jisoo
40549.jpg,lisa
24030.jpg,jisoo
79165.jpg,lisa
1994.jpg,joyuri
1426.jpg,kimminju
77922.jpg,lisa
24476.jpg,lisa
15613.jpg,rose
18014.jpg,rose
81629.jpg,lisa
80067.jpg,rose
55698.jpg,rose
76109.jpg,lisa
9802.jpg,jisoo
21590.jpg,lisa
77960.jpg,rose
81185.jpg,lisa
84751.jpg,jisoo
81600.jpg,lisa
50513.jpg,jennie
84846.jpg,jisoo
30959.jpg,jisoo
52952.jpg,jisoo
985.jpg,kimminju
84813.jpg,jisoo
70788.jpg,lisa
72809.jpg,lisa
77194.jpg,lisa
15901.jpg,rose
81686.jpg,lisa
16364.jpg,rose
58845.jpg,rose
56565.jpg,rose
80574.jpg,lisa
85459.jpg,jisoo
2087.jpg,joyuri
76969.jpg,lisa
80576.jpg,lisa
75722.jpg,lisa
56246.jpg,rose
82153.jpg,lisa
16362.jpg,rose
81488.jpg,lisa
56496.jpg,rose
1625.jpg,kimminju
69969.jpg,lisa
33704.jpg,jisoo
64561.jpg,rose
59290.jpg,rose
51847.jpg,jennie
16361.jpg,rose
56638.jpg,rose
8087.jpg,jisoo
49466.jpg,jennie
79129.jpg,lisa
62602.jpg,rose
64728.jpg,rose
79229.jpg,lisa
56899.jpg,rose
39363.jpg,jisoo
81618.jpg,lisa
62460.jpg,rose
44449.jpg,jennie
34430.jpg,jisoo
61380.jpg,rose
67058.jpg,lisa
77827.jpg,lisa
21743.jpg,lisa
51146.jpg,jennie
76398.jpg,lisa
66000.jpg,jennie
76702.jpg,lisa
1350.jpg,joyuri
78654.jpg,jisoo
63338.jpg,rose
69920.jpg,lisa
33787.jpg,jisoo
65998.jpg,rose
2014.jpg,joyuri
81425.jpg,lisa
59586.jpg,rose
13995.jpg,rose
39272.jpg,kimminju
65524.jpg,rose
19909.jpg,jennie
70883.jpg,lisa
85442.jpg,jisoo
55662.jpg,rose
81240.jpg,lisa
56754.jpg,rose
2021.jpg,joyuri
56484.jpg,rose
1998.jpg,joyuri
72441.jpg,lisa
81232.jpg,lisa
11484.jpg,kimminju
69941.jpg,lisa
72709.jpg,jisoo
82199.jpg,lisa
81599.jpg,lisa
944.jpg,kimminju
79166.jpg,lisa
55354.jpg,rose
48435.jpg,jisoo
13114.jpg,jennie
85380.jpg,jisoo
61134.jpg,rose
58800.jpg,rose
1285.jpg,kimminju
1359.jpg,kimminju
62978.jpg,rose
56510.jpg,rose
76311.jpg,lisa
72265.jpg,lisa
70202.jpg,lisa
85290.jpg,jisoo
80075.jpg,lisa
56111.jpg,rose
50767.jpg,jennie
75385.jpg,lisa
81429.jpg,lisa
70208.jpg,lisa
51767.jpg,jennie
76858.jpg,lisa
74308.jpg,lisa
63045.jpg,rose
50198.jpg,jennie
39444.jpg,jisoo
7701.jpg,jisoo
49470.jpg,jennie
58550.jpg,rose
55976.jpg,rose
33114.jpg,jisoo
56424.jpg,rose
16871.jpg,rose
77867.jpg,jennie
80501.jpg,lisa
28803.jpg,jennie
58141.jpg,rose
55701.jpg,rose
2149.jpg,joyuri
16341.jpg,rose
75734.jpg,lisa
2363.jpg,kimminju
54392.jpg,rose
75175.jpg,lisa
39748.jpg,jisoo
75975.jpg,lisa
75853.jpg,jisoo
35434.jpg,jisoo
58183.jpg,rose
30930.jpg,jisoo
56736.jpg,rose
58317.jpg,rose
39568.jpg,jisoo
84464.jpg,jisoo
52651.jpg,jennie
67493.jpg,lisa
55514.jpg,rose
13803.jpg,jennie
53541.jpg,lisa
85114.jpg,jennie
65997.jpg,rose
32601.jpg,jisoo
75719.jpg,jisoo
59502.jpg,rose
21218.jpg,lisa
55666.jpg,rose
81460.jpg,lisa
22159.jpg,lisa
50580.jpg,jennie
56906.jpg,rose
62204.jpg,rose
9368.jpg,jennie
33650.jpg,jisoo
50196.jpg,jennie
56455.jpg,rose
56817.jpg,rose
55473.jpg,rose
80037.jpg,lisa
42891.jpg,jennie
85419.jpg,jisoo
1361.jpg,kimminju
74711.jpg,lisa
1180.jpg,kimminju
63008.jpg,rose
54440.jpg,rose
79718.jpg,lisa
11769.jpg,jennie
33642.jpg,jisoo
76945.jpg,lisa
49455.jpg,jennie
56348.jpg,rose
76974.jpg,lisa
80213.jpg,lisa
34077.jpg,jisoo
49468.jpg,jennie
63559.jpg,rose
78742.jpg,lisa
33651.jpg,jisoo
57809.jpg,rose
85238.jpg,jisoo
79839.jpg,rose
80511.jpg,lisa
2061.jpg,joyuri
50837.jpg,jennie
1986.jpg,joyuri
76437.jpg,lisa
77343.jpg,lisa
56503.jpg,rose
38683.jpg,jisoo
28735.jpg,jisoo
84905.jpg,jisoo
52209.jpg,jisoo
63474.jpg,rose
78638.jpg,lisa
85410.jpg,jisoo
76616.jpg,lisa
56521.jpg,rose
81020.jpg,lisa
33754.jpg,jisoo
1965.jpg,joyuri
38798.jpg,jisoo
79753.jpg,lisa
54669.jpg,rose
63395.jpg,rose
55730.jpg,rose
39593.jpg,jisoo
52174.jpg,jisoo
1846.jpg,joyuri
78291.jpg,lisa
54398.jpg,rose
10454.jpg,jisoo
16156.jpg,rose
56294.jpg,rose
54383.jpg,rose
63000.jpg,rose
1376.jpg,kimminju
50868.jpg,jennie
47525.jpg,jennie
38225.jpg,jisoo
1964.jpg,joyuri
9752.jpg,jisoo
55477.jpg,rose
77828.jpg,rose
8055.jpg,jisoo
55661.jpg,rose
1313.jpg,kimminju
7733.jpg,jisoo
1702.jpg,jisoo
11767.jpg,jennie
79313.jpg,rose
62898.jpg,rose
29583.jpg,jisoo
34700.jpg,jisoo
56514.jpg,rose
77882.jpg,lisa
73269.jpg,lisa
78914.jpg,lisa
35381.jpg,jisoo
66902.jpg,rose
34350.jpg,jisoo
60299.jpg,rose
15308.jpg,rose
1596.jpg,kimminju
35414.jpg,jisoo
58296.jpg,rose
16375.jpg,rose
54074.jpg,rose
57749.jpg,rose
39059.jpg,jisoo
63305.jpg,rose
1323.jpg,kimminju
9723.jpg,jisoo
50288.jpg,jennie
909.jpg,kimminju
1162.jpg,kimminju
41567.jpg,jennie
2344.jpg,kimminju
73521.jpg,lisa
927.jpg,kimminju
32545.jpg,jisoo
16319.jpg,rose
58127.jpg,rose
1720.jpg,lisa
22395.jpg,lisa
58084.jpg,rose
1765.jpg,joyuri
63396.jpg,rose
76703.jpg,jennie
29646.jpg,jisoo
77891.jpg,lisa
80983.jpg,lisa
76700.jpg,lisa
62959.jpg,rose
73671.jpg,lisa
57826.jpg,rose
58769.jpg,rose
36634.jpg,jisoo
38685.jpg,jisoo
84490.jpg,jisoo
56360.jpg,rose
59351.jpg,rose
77878.jpg,lisa
33635.jpg,jisoo
73980.jpg,rose
52951.jpg,jennie
78195.jpg,lisa
56498.jpg,rose
52765.jpg,jennie
42060.jpg,jisoo
73518.jpg,lisa
33392.jpg,jisoo
59767.jpg,rose
37587.jpg,rose
81427.jpg,lisa
56918.jpg,rose
58536.jpg,rose
60932.jpg,rose
79003.jpg,lisa
9642.jpg,jisoo
77651.jpg,lisa
35804.jpg,kimminju
1310.jpg,kimminju
56204.jpg,rose
76558.jpg,lisa
29941.jpg,jisoo
80044.jpg,lisa
1725.jpg,joyuri
1131.jpg,kimminju
80490.jpg,lisa
38679.jpg,jisoo
54746.jpg,rose
70930.jpg,lisa
55670.jpg,rose
7742.jpg,jisoo
62391.jpg,rose
1346.jpg,kimminju
55468.jpg,rose
32660.jpg,jisoo
80201.jpg,lisa
52781.jpg,jennie
80054.jpg,lisa
77839.jpg,lisa
54753.jpg,rose
7148.jpg,jisoo
39391.jpg,jisoo
31535.jpg,jisoo
66780.jpg,rose
82069.jpg,lisa
80445.jpg,lisa
76955.jpg,lisa
72733.jpg,lisa
79012.jpg,lisa
43365.jpg,jisoo
56628.jpg,rose
60957.jpg,rose
16318.jpg,rose
39365.jpg,jisoo
21864.jpg,lisa
21915.jpg,lisa
15931.jpg,rose
33731.jpg,jisoo
59994.jpg,rose
76180.jpg,lisa
59509.jpg,rose
2034.jpg,joyuri
84569.jpg,jisoo
70990.jpg,lisa
55439.jpg,rose
1002.jpg,kimminju
2353.jpg,kimminju
7712.jpg,jisoo
11773.jpg,jennie
1095.jpg,kimminju
9691.jpg,jisoo
1926.jpg,joyuri
60360.jpg,rose
81431.jpg,jisoo
33105.jpg,jisoo
50674.jpg,jisoo
9645.jpg,jisoo
54499.jpg,rose
33136.jpg,jisoo
62257.jpg,rose
22169.jpg,lisa
1989.jpg,joyuri
1083.jpg,kimminju
62859.jpg,rose
1306.jpg,kimminju
56575.jpg,rose
23263.jpg,jennie
56238.jpg,rose
56108.jpg,rose
29586.jpg,jisoo
85236.jpg,jisoo
56258.jpg,rose
62021.jpg,rose
68834.jpg,lisa
48511.jpg,jennie
41410.jpg,jisoo
24113.jpg,lisa
52612.jpg,jennie
76610.jpg,lisa
67785.jpg,lisa
56564.jpg,rose
7709.jpg,jisoo
56228.jpg,rose
58897.jpg,rose
78645.jpg,lisa
62901.jpg,rose
34415.jpg,jisoo
58003.jpg,rose
10319.jpg,jisoo
9073.jpg,jisoo
35770.jpg,jisoo
85518.jpg,jisoo
84499.jpg,jisoo
68022.jpg,lisa
81862.jpg,lisa
1116.jpg,kimminju
52641.jpg,jennie
9900.jpg,jisoo
1283.jpg,kimminju
9877.jpg,jisoo
76500.jpg,lisa
50559.jpg,jennie
70799.jpg,lisa
1890.jpg,jisoo
40461.jpg,jisoo
76695.jpg,joyuri
2018.jpg,joyuri
16151.jpg,rose
76235.jpg,lisa
51888.jpg,jennie
84785.jpg,jennie
53410.jpg,kimminju
77642.jpg,lisa
63004.jpg,rose
70588.jpg,lisa
12850.jpg,jennie
55531.jpg,rose
50820.jpg,jennie
1074.jpg,kimminju
55618.jpg,rose
1633.jpg,kimminju
35441.jpg,jisoo
55206.jpg,rose
58096.jpg,rose
1139.jpg,kimminju
76849.jpg,lisa
50393.jpg,jennie
76193.jpg,lisa
61600.jpg,rose
78607.jpg,lisa
74746.jpg,lisa
55835.jpg,rose
1375.jpg,kimminju
63398.jpg,rose
13271.jpg,kimminju
55630.jpg,rose
55444.jpg,rose
76524.jpg,lisa
69136.jpg,rose
12847.jpg,jennie
7879.jpg,jisoo
21808.jpg,lisa
76943.jpg,lisa
64731.jpg,rose
75869.jpg,lisa
1497.jpg,jisoo
1775.jpg,joyuri
33686.jpg,jisoo
54064.jpg,rose
2258.jpg,joyuri
57097.jpg,rose
63021.jpg,rose
33821.jpg,jisoo
62055.jpg,rose
55502.jpg,rose
33682.jpg,jisoo
62299.jpg,rose
60738.jpg,rose
12861.jpg,kimminju
74974.jpg,lisa
55509.jpg,rose
2219.jpg,joyuri
55414.jpg,rose
8336.jpg,jisoo
63014.jpg,rose
81484.jpg,lisa
70848.jpg,lisa
63562.jpg,rose
73395.jpg,lisa
61212.jpg,rose
82147.jpg,lisa
56815.jpg,rose
49410.jpg,kimminju
12860.jpg,jennie
65383.jpg,jisoo
2090.jpg,joyuri
1728.jpg,joyuri
23242.jpg,jennie
52842.jpg,jennie
1853.jpg,joyuri
73400.jpg,lisa
12925.jpg,jennie
55597.jpg,rose
2238.jpg,joyuri
9905.jpg,jisoo
1777.jpg,joyuri
55695.jpg,rose
38230.jpg,jisoo
68833.jpg,lisa
55497.jpg,rose
73667.jpg,lisa
54862.jpg,rose
46995.jpg,rose
7171.jpg,jisoo
15908.jpg,rose
2261.jpg,joyuri
35432.jpg,jisoo
11752.jpg,jennie
78917.jpg,lisa
1086.jpg,kimminju
54419.jpg,rose
50771.jpg,jennie
80484.jpg,kimminju
68847.jpg,lisa
68862.jpg,lisa
29937.jpg,jisoo
1200.jpg,kimminju
75405.jpg,lisa
79212.jpg,lisa
59556.jpg,rose
80065.jpg,lisa
65703.jpg,jisoo
66866.jpg,jennie
35383.jpg,jisoo
61338.jpg,rose
50701.jpg,jennie
39567.jpg,jisoo
60229.jpg,jisoo
53645.jpg,jennie
2356.jpg,kimminju
7702.jpg,jisoo
62582.jpg,rose
2124.jpg,joyuri
2086.jpg,joyuri
79413.jpg,lisa
80080.jpg,lisa
55515.jpg,rose
39245.jpg,jisoo
85048.jpg,jisoo
10453.jpg,jisoo
79735.jpg,jisoo
62669.jpg,rose
32173.jpg,jisoo
1118.jpg,kimminju
72818.jpg,lisa
15858.jpg,rose
82181.jpg,lisa
80167.jpg,lisa
33002.jpg,jisoo
1696.jpg,joyuri
55671.jpg,rose
68811.jpg,lisa
2059.jpg,joyuri
47003.jpg,jennie
81224.jpg,lisa
69536.jpg,lisa
85233.jpg,jisoo
81423.jpg,lisa
72443.jpg,lisa
72257.jpg,lisa
13336.jpg,jennie
62587.jpg,rose
943.jpg,kimminju
57380.jpg,rose
52214.jpg,kimminju
48914.jpg,jennie
11043.jpg,lisa
1802.jpg,joyuri
63318.jpg,rose
38740.jpg,jisoo
2091.jpg,joyuri
79801.jpg,lisa
76420.jpg,lisa
38257.jpg,jisoo
63467.jpg,rose
16344.jpg,rose
61126.jpg,rose
80298.jpg,lisa
57418.jpg,rose
78470.jpg,lisa
54395.jpg,rose
78935.jpg,lisa
31857.jpg,jisoo
70042.jpg,lisa
64514.jpg,rose
57743.jpg,rose
52300.jpg,jennie
78207.jpg,lisa
12644.jpg,jisoo
1060.jpg,kimminju
15887.jpg,rose
60644.jpg,rose
7766.jpg,kimminju
70440.jpg,lisa
73495.jpg,lisa
59992.jpg,jennie
79509.jpg,lisa
80587.jpg,lisa
59526.jpg,rose
34075.jpg,jisoo
29589.jpg,jisoo
21919.jpg,lisa
2058.jpg,joyuri
9878.jpg,jisoo
74826.jpg,lisa
64571.jpg,rose
2016.jpg,joyuri
18015.jpg,jisoo
61552.jpg,rose
60664.jpg,rose
33803.jpg,jisoo
21924.jpg,lisa
64569.jpg,rose
2348.jpg,joyuri
59241.jpg,rose
72494.jpg,rose
76538.jpg,lisa
34215.jpg,jisoo
76212.jpg,lisa
79364.jpg,lisa
81479.jpg,lisa
37913.jpg,jisoo
73398.jpg,lisa
32761.jpg,jisoo
55123.jpg,rose
74747.jpg,lisa
75253.jpg,lisa
38056.jpg,jisoo
81402.jpg,lisa
32619.jpg,jisoo
39916.jpg,rose
32649.jpg,jisoo
82857.jpg,kimminju
84486.jpg,jisoo
70933.jpg,lisa
63323.jpg,rose
1182.jpg,kimminju
29980.jpg,jisoo
13582.jpg,jennie
49461.jpg,jennie
55731.jpg,rose
59519.jpg,rose
10420.jpg,jisoo
80997.jpg,lisa
55232.jpg,rose
1368.jpg,kimminju
29582.jpg,jisoo
16358.jpg,rose
16350.jpg,rose
13838.jpg,jennie
74889.jpg,lisa
80246.jpg,lisa
36828.jpg,jisoo
31379.jpg,jisoo
7684.jpg,jisoo
85444.jpg,jisoo
56567.jpg,rose
53418.jpg,jennie
56721.jpg,rose
66095.jpg,jennie
52471.jpg,jennie
34192.jpg,jisoo
16132.jpg,rose
13997.jpg,jennie
2288.jpg,joyuri
57541.jpg,rose
39679.jpg,jisoo
81310.jpg,lisa
77627.jpg,jennie
81246.jpg,lisa
80972.jpg,jennie
9751.jpg,jisoo
1552.jpg,jisoo
75379.jpg,lisa
69633.jpg,lisa
1056.jpg,kimminju
76345.jpg,lisa
50515.jpg,kimminju
11743.jpg,jennie
1217.jpg,kimminju
55720.jpg,rose
30978.jpg,jisoo
63195.jpg,rose
80147.jpg,lisa
45568.jpg,jennie
74916.jpg,lisa
72468.jpg,lisa
68826.jpg,rose
47479.jpg,jennie
29612.jpg,jisoo
33677.jpg,jisoo
1667.jpg,kimminju
73534.jpg,lisa
7690.jpg,jisoo
39637.jpg,jisoo
7679.jpg,jisoo
80175.jpg,lisa
49469.jpg,jisoo
34199.jpg,jisoo
36584.jpg,jisoo
77666.jpg,lisa
56552.jpg,rose
81873.jpg,lisa
70284.jpg,lisa
54754.jpg,rose
37582.jpg,jisoo
31647.jpg,jisoo
58823.jpg,rose
62023.jpg,rose
64166.jpg,rose
34352.jpg,jisoo
55726.jpg,rose
81007.jpg,lisa
39623.jpg,jisoo
30794.jpg,jisoo
37592.jpg,jisoo
71233.jpg,lisa
80975.jpg,rose
63530.jpg,rose
57713.jpg,rose
17743.jpg,rose
68839.jpg,lisa
66335.jpg,jennie
58503.jpg,rose
12729.jpg,jennie
59276.jpg,rose
79502.jpg,lisa
1727.jpg,joyuri
11942.jpg,jennie
32154.jpg,jisoo
81841.jpg,lisa
29615.jpg,jisoo
9673.jpg,jisoo
71010.jpg,lisa
56757.jpg,rose
63881.jpg,rose
31033.jpg,jisoo
22398.jpg,lisa
78138.jpg,lisa
55527.jpg,rose
22390.jpg,lisa
58285.jpg,rose
29919.jpg,jisoo
70084.jpg,lisa
76536.jpg,lisa
75930.jpg,lisa
35803.jpg,jisoo
63349.jpg,rose
64277.jpg,rose
66894.jpg,lisa
80155.jpg,lisa
81612.jpg,lisa
68825.jpg,lisa
15958.jpg,rose
1396.jpg,kimminju
34203.jpg,jisoo
76187.jpg,lisa
15676.jpg,rose
76525.jpg,lisa
74313.jpg,lisa
60658.jpg,rose
11758.jpg,jennie
46787.jpg,jisoo
57393.jpg,rose
1850.jpg,joyuri
1177.jpg,kimminju
84758.jpg,jisoo
57222.jpg,rose
2101.jpg,joyuri
81236.jpg,lisa
55743.jpg,rose
66831.jpg,jennie
84536.jpg,jisoo
2103.jpg,joyuri
33835.jpg,jisoo
80505.jpg,lisa
50809.jpg,jennie
8660.jpg,jisoo
55331.jpg,rose
80026.jpg,lisa
33353.jpg,jisoo
46971.jpg,jennie
15895.jpg,rose
63131.jpg,rose
56117.jpg,rose
56363.jpg,rose
37782.jpg,jisoo
78150.jpg,lisa
73787.jpg,lisa
78818.jpg,lisa
1032.jpg,kimminju
78534.jpg,lisa
81435.jpg,lisa
59466.jpg,jisoo
81176.jpg,lisa
55499.jpg,rose
21692.jpg,lisa
18472.jpg,rose
38218.jpg,jisoo
28818.jpg,jennie
77961.jpg,jennie
60741.jpg,jennie
55924.jpg,lisa
63564.jpg,rose
57399.jpg,rose
50693.jpg,jennie
74593.jpg,rose
9907.jpg,jisoo
61165.jpg,rose
66056.jpg,rose
72792.jpg,lisa
11811.jpg,jennie
74945.jpg,lisa
73977.jpg,lisa
2135.jpg,joyuri
68840.jpg,lisa
36428.jpg,jisoo
39377.jpg,jisoo
76178.jpg,lisa
13967.jpg,jennie
70803.jpg,lisa
80117.jpg,rose
9369.jpg,jisoo
1315.jpg,kimminju
2140.jpg,kimminju
66073.jpg,rose
38862.jpg,jisoo
64568.jpg,rose
85310.jpg,jisoo
58572.jpg,rose
85388.jpg,jisoo
1214.jpg,kimminju
63006.jpg,rose
81478.jpg,lisa
54863.jpg,rose
12819.jpg,jennie
57724.jpg,rose
72469.jpg,lisa
80084.jpg,lisa
73394.jpg,lisa
39105.jpg,jisoo
950.jpg,kimminju
56755.jpg,rose
1896.jpg,kimminju
84931.jpg,jisoo
22401.jpg,lisa
79439.jpg,lisa
30323.jpg,jisoo
34738.jpg,jisoo
76609.jpg,lisa
79406.jpg,lisa
84588.jpg,jisoo
84563.jpg,jisoo
75126.jpg,lisa
59740.jpg,rose
81833.jpg,lisa
80223.jpg,lisa
38173.jpg,jisoo
56694.jpg,rose
77889.jpg,lisa
59736.jpg,rose
81373.jpg,rose
39728.jpg,jisoo
15803.jpg,rose
75749.jpg,lisa
55708.jpg,rose
16134.jpg,rose
80996.jpg,lisa
7672.jpg,jisoo
56293.jpg,rose
44329.jpg,jisoo
1988.jpg,joyuri
61930.jpg,rose
66822.jpg,jennie
7698.jpg,jisoo
81172.jpg,lisa
33788.jpg,jisoo
21757.jpg,lisa
61331.jpg,rose
39243.jpg,jisoo
57133.jpg,rose
77834.jpg,lisa
70581.jpg,lisa
81307.jpg,lisa
54741.jpg,rose
84982.jpg,jisoo
39251.jpg,kimminju
56954.jpg,rose
56127.jpg,rose
63475.jpg,rose
66006.jpg,rose
55496.jpg,rose
67882.jpg,lisa
81626.jpg,lisa
80583.jpg,jennie
72841.jpg,lisa
59991.jpg,jennie
75185.jpg,lisa
39627.jpg,jisoo
68842.jpg,rose
56249.jpg,rose
8436.jpg,jennie
35433.jpg,jisoo
81109.jpg,lisa
72721.jpg,lisa
76863.jpg,lisa
8056.jpg,jennie
62254.jpg,rose
7694.jpg,jisoo
23617.jpg,lisa
39560.jpg,jisoo
21741.jpg,jisoo
51762.jpg,jennie
29602.jpg,jisoo
61928.jpg,rose
1320.jpg,kimminju
12645.jpg,rose
82856.jpg,kimminju
76889.jpg,lisa
14036.jpg,jennie
1329.jpg,kimminju
81988.jpg,lisa
81677.jpg,lisa
9676.jpg,jisoo
20714.jpg,lisa
15902.jpg,rose
911.jpg,kimminju
65888.jpg,jisoo
68441.jpg,rose
58634.jpg,rose
57206.jpg,rose
78910.jpg,lisa
40396.jpg,jisoo
29599.jpg,jisoo
70792.jpg,lisa
8326.jpg,jisoo
78161.jpg,lisa
77864.jpg,lisa
81428.jpg,lisa
15860.jpg,rose
52813.jpg,jisoo
60549.jpg,rose
29899.jpg,jisoo
18178.jpg,rose
59232.jpg,rose
78798.jpg,lisa
56506.jpg,rose
81276.jpg,lisa
81381.jpg,lisa
63403.jpg,rose
7711.jpg,jisoo
56847.jpg,rose
49329.jpg,jennie
7751.jpg,jisoo
61144.jpg,rose
69066.jpg,lisa
13030.jpg,jennie
80990.jpg,lisa
34322.jpg,jisoo
57706.jpg,rose
1434.jpg,joyuri
64541.jpg,rose
39726.jpg,jisoo
63015.jpg,rose
85386.jpg,jisoo
78928.jpg,lisa
59656.jpg,rose
50741.jpg,jennie
8195.jpg,jisoo
45984.jpg,jennie
54729.jpg,rose
1351.jpg,kimminju
73522.jpg,lisa
72481.jpg,lisa
85464.jpg,jisoo
63811.jpg,rose
19096.jpg,rose
56276.jpg,rose
1593.jpg,kimminju
29581.jpg,jisoo
10928.jpg,jennie
81993.jpg,lisa
9171.jpg,kimminju
1923.jpg,joyuri
73669.jpg,lisa
84476.jpg,jisoo
22385.jpg,lisa
57861.jpg,rose
85496.jpg,jisoo
22405.jpg,lisa
57542.jpg,jisoo
55702.jpg,rose
32366.jpg,jisoo
963.jpg,kimminju
68002.jpg,lisa
13586.jpg,jennie
66047.jpg,rose
17871.jpg,jisoo
1712.jpg,lisa
72820.jpg,lisa
57105.jpg,rose
8070.jpg,jisoo
73748.jpg,lisa
39750.jpg,jisoo
22147.jpg,jennie
73959.jpg,lisa
17747.jpg,rose
59734.jpg,jisoo
85255.jpg,jisoo
31658.jpg,jisoo
36637.jpg,jisoo
80169.jpg,jisoo
33385.jpg,jisoo
1448.jpg,kimminju
81018.jpg,lisa
17751.jpg,rose
78431.jpg,lisa
70276.jpg,lisa
62571.jpg,jisoo
78290.jpg,lisa
63537.jpg,rose
55688.jpg,rose
1291.jpg,kimminju
57790.jpg,rose
69368.jpg,lisa
1791.jpg,jisoo
79728.jpg,lisa
81614.jpg,lisa
34769.jpg,jisoo
39373.jpg,jisoo
80176.jpg,jennie
39755.jpg,jisoo
69537.jpg,lisa
29609.jpg,jisoo
56094.jpg,rose
39676.jpg,jisoo
69028.jpg,lisa
54559.jpg,rose
81194.jpg,lisa
67485.jpg,lisa
77730.jpg,lisa
54420.jpg,rose
76569.jpg,lisa
85326.jpg,jisoo
9644.jpg,jisoo
1848.jpg,joyuri
73239.jpg,lisa
81004.jpg,lisa
45276.jpg,jennie
85485.jpg,jisoo
56551.jpg,rose
52473.jpg,jennie
63823.jpg,rose
7174.jpg,jisoo
49334.jpg,jennie
40650.jpg,jisoo
63044.jpg,rose
70055.jpg,lisa
1419.jpg,kimminju
52858.jpg,jisoo
34054.jpg,jisoo
61185.jpg,rose
9773.jpg,jisoo
44456.jpg,jennie
57426.jpg,rose
73532.jpg,lisa
82964.jpg,jisoo
29596.jpg,jisoo
70822.jpg,lisa
9230.jpg,jisoo
76202.jpg,lisa
51440.jpg,jennie
1603.jpg,kimminju
63320.jpg,rose
56364.jpg,rose
12870.jpg,jennie
81676.jpg,lisa
70590.jpg,lisa
1626.jpg,kimminju
75236.jpg,lisa
40615.jpg,jisoo
60640.jpg,rose
40315.jpg,jisoo
74753.jpg,lisa
15865.jpg,rose
81229.jpg,lisa
55541.jpg,rose
10927.jpg,jennie
85382.jpg,jisoo
64344.jpg,rose
77064.jpg,lisa
39257.jpg,jisoo
74320.jpg,lisa
76200.jpg,jennie
33303.jpg,jisoo
49463.jpg,jennie
77967.jpg,lisa
71423.jpg,lisa
85283.jpg,jisoo
77883.jpg,lisa
73860.jpg,lisa
53543.jpg,rose
9822.jpg,jisoo
77895.jpg,lisa
11049.jpg,jisoo
33141.jpg,jisoo
58801.jpg,rose
80516.jpg,lisa
33393.jpg,jisoo
55896.jpg,rose
71277.jpg,lisa
54397.jpg,rose
36640.jpg,jisoo
39559.jpg,jisoo
85350.jpg,jisoo
85408.jpg,jennie
76498.jpg,jisoo
58898.jpg,rose
66018.jpg,rose
38408.jpg,jisoo
59585.jpg,rose
58316.jpg,rose
68864.jpg,lisa
72264.jpg,lisa
40545.jpg,jisoo
22384.jpg,lisa
70398.jpg,lisa
39625.jpg,jisoo
41730.jpg,jennie
81602.jpg,lisa
8072.jpg,jisoo
60905.jpg,kimminju
15881.jpg,rose
35646.jpg,jisoo
1644.jpg,kimminju
15892.jpg,rose
7682.jpg,jisoo
21911.jpg,lisa
78662.jpg,lisa
58859.jpg,rose
38200.jpg,jisoo
60469.jpg,rose
59617.jpg,jennie
13452.jpg,jennie
76591.jpg,lisa
56845.jpg,rose
67174.jpg,lisa
1624.jpg,kimminju
67047.jpg,lisa
56214.jpg,rose
76046.jpg,lisa
2093.jpg,joyuri
35811.jpg,kimminju
58902.jpg,rose
54384.jpg,jisoo
57962.jpg,rose
1129.jpg,kimminju
79177.jpg,lisa
54704.jpg,rose
7653.jpg,jisoo
2078.jpg,joyuri
80183.jpg,lisa
22776.jpg,lisa
15905.jpg,rose
1990.jpg,joyuri
21759.jpg,lisa
33104.jpg,jisoo
78492.jpg,lisa
72719.jpg,lisa
21419.jpg,jisoo
52808.jpg,jennie
84494.jpg,jisoo
1449.jpg,kimminju
35972.jpg,jisoo
78762.jpg,lisa
58274.jpg,rose
74452.jpg,lisa
21814.jpg,lisa
66096.jpg,rose
79854.jpg,jennie
38348.jpg,jisoo
52411.jpg,jennie
68854.jpg,lisa
1026.jpg,kimminju
80388.jpg,lisa
12953.jpg,jennie
57787.jpg,rose
35449.jpg,jisoo
33830.jpg,jisoo
58265.jpg,rose
61365.jpg,rose
54400.jpg,rose
1764.jpg,joyuri
54691.jpg,rose
56499.jpg,rose
8882.jpg,jennie
56722.jpg,rose
62957.jpg,rose
9725.jpg,jisoo
79192.jpg,lisa
75952.jpg,lisa
69826.jpg,lisa
36639.jpg,jisoo
33076.jpg,joyuri
50757.jpg,jennie
64511.jpg,rose
59732.jpg,rose
1592.jpg,kimminju
45409.jpg,jennie
18424.jpg,rose
60166.jpg,rose
54418.jpg,rose
57796.jpg,rose
23628.jpg,lisa
2355.jpg,jisoo
63018.jpg,rose
81283.jpg,lisa
73466.jpg,joyuri
30160.jpg,jisoo
56720.jpg,rose
56559.jpg,rose
12916.jpg,jennie
39688.jpg,jisoo
1360.jpg,kimminju
63174.jpg,rose
69029.jpg,lisa
73857.jpg,lisa
85450.jpg,jisoo
2343.jpg,joyuri
66856.jpg,lisa
78194.jpg,lisa
15878.jpg,rose
